Product Id,Product Handle,Product Title,Product Status,Product Sales Channel 1,Variant Id
prod_01KTAE40DCJ3X1R6XMCG8386JW,beech-wood-and-leather-armchair,beech wood and leather armchair,published,sc_01KQM2EP372XFCX14B8C7TB5A6,variant_01KTAE40H83FQPJGQ6SVHS0C9B
prod_01KTAERM9ZX7G558GC0T0GC32P,swedish-wood-and-leather-3-piece-office-sofa-set-green,Swedish wood and leather 3-piece office sofa set - green,published,sc_01KQM2EP372XFCX14B8C7TB5A6,variant_01KTAERMD3QVJG75KPBAWDQKMC
prod_01KTAFB8JBVK9NEZHJQ0X9PWWP,swedish-wood-and-leather-3-piece-office-sofa-set-black-and-off-white,Swedish wood and leather 3-piece office sofa set - black and off-white,published,sc_01KQM2EP372XFCX14B8C7TB5A6,variant_01KTAFB8N9TPP37WBFJ517B42V
prod_01KTAFW2HY5FQZ67VB65CYY71Y,executive-office-chair-5050cm-made403,Executive Office Chair 5050cm - MADE409,published,sc_01KQM2EP372XFCX14B8C7TB5A6,variant_01KTAFW2METZJC8Q37NB196JN5
prod_01KTD50KJWEG972HQJT4CHV8SQ,theater-chair-vip-ultra,Theater chair Equipped with a cup VIP Ultra,published,sc_01KQM2EP372XFCX14B8C7TB5A6,variant_01KTD50KPTF59QZNXGMRW7BY8R
prod_01KTD6R3BBZ8SD7T66ECM6EW9K,theater-chair-a-stand-vip-ultra,Theater chair a stand VIP Ultra,published,sc_01KQM2EP372XFCX14B8C7TB5A6,variant_01KTD6R3FHPA7ZA4RGTP0Y9X17
prod_01KTD7WKJQZQEJ8PVFHT9PAWJM,vip-ultra-theater-chair-without-armrest,VIP Ultra Theater Chair without Armrest,published,sc_01KQM2EP372XFCX14B8C7TB5A6,variant_01KTD7WKNBAZQ0S4SS4ZP85EGM
prod_01KTEDHWS9B0P5Q8ATXT00ZZPD,theater-chair-vip,heater Chair VIP without Armrest,published,sc_01KQM2EP372XFCX14B8C7TB5A6,variant_01KTEDHWVKXCCFJYT5YDYWTQ1N
prod_01KTEGJBHKGE0XY5YJ53H2CEMY,vip-heated-chair-with-armrests,VIP heated chair with Armrests,published,sc_01KQM2EP372XFCX14B8C7TB5A6,variant_01KTEGJBKSRFXYYBF7GJGWAYZA
prod_01KTEHABMRK9YB3WRV5MA9X4TS,vip-theater-chair-with-cup,VIP theater chair with cup,published,sc_01KQM2EP372XFCX14B8C7TB5A6,variant_01KTEHABQ3PFMBRY6JNT6P3KQH
prod_01KTEM7W14WW5KMWRQM225HRJQ,meeting-table-160x100cm,Meeting table 160x100cm,published,sc_01KQM2EP372XFCX14B8C7TB5A6,variant_01KTEM7W4JQJ9Q80E772APQWKP
prod_01KTEMT6TS3M408G6S3V2NJW1Z,meeting-table-black-and-brown,Meeting table - black and brown,published,sc_01KQM2EP372XFCX14B8C7TB5A6,variant_01KTEMT71AQGZS2KD77K3DVH3M
prod_01KTENCWNXCWHKJZZ5DXGVDGP3,meeting-table-beige-and-black,Meeting table - beige and black,published,sc_01KQM2EP372XFCX14B8C7TB5A6,variant_01KTENCWS1PMKCSB7B8247AQQM
prod_01KTEPCJ4YX9ZHV7VHYZ0BXKYD,meeting-table-for-companies-and-offices-beige-and-black,Meeting table for companies and offices  beige and black,published,sc_01KQM2EP372XFCX14B8C7TB5A6,variant_01KTEPCJ8S23FHE3JJSYWYFQES
prod_01KTEPVC0VFC9475R9DJ90CV15,meeting-table-brown-and-white,Meeting table - brown and white,published,sc_01KQM2EP372XFCX14B8C7TB5A6,variant_01KTEPVC3FNPJ9G82JZ26C1QSB
prod_01KTEQJBEK6CXRCZTGFBJ3X051,meeting-table-brown-and-black,Meeting table - brown and black,published,sc_01KQM2EP372XFCX14B8C7TB5A6,variant_01KTEQJBJ3VABBV4SB87CF0H4K
prod_01KTH6P285H159KCS1WTD5DDBG,mdf-meeting-table-white-brown,MDF Meeting Table White & Brown,published,sc_01KQM2EP372XFCX14B8C7TB5A6,variant_01KTH6P2AS3HXFVBHR58WJ31VC
prod_01KTH7QV1TK3G3FSZS9RJF39JA,meeting-room-table,Meeting room table,published,sc_01KQM2EP372XFCX14B8C7TB5A6,variant_01KTH7QV4PGJ99WRRRM1MYCDST
prod_01KTH8BHF6EJ5SBHVE756AWS4H,glass-meeting-room,Glass meeting table,published,sc_01KQM2EP372XFCX14B8C7TB5A6,variant_01KTH8BHHZ1YZ3TXSRQHCPFF9M
prod_01KTH8SFAG6N1J973P2ZPHWGG5,glass-meeting-table,Glass Meeting Table,published,sc_01KQM2EP372XFCX14B8C7TB5A6,variant_01KTH8SFDJAWJTB0XAF3JWT1E2
prod_01KTH9B1WJN6J998084X55N8WN,office-reception-set-3-pieces,Office Reception Set 3 Pieces,published,sc_01KQM2EP372XFCX14B8C7TB5A6,variant_01KTH9B20FBVT7ZV649ACV6ASD
prod_01KTHB8C43C59DK1VFXSPYEC4C,swedish-wood-leather-office-reception-set-3-pieces-brown,Swedish Wood & Leather Office Reception Set 3 Pieces - Brown,published,sc_01KQM2EP372XFCX14B8C7TB5A6,variant_01KTHB8C6C0X0YC5A6X4RKXCHE
prod_01KTHCAVMG28XD9ZT5FCJDEV4E,swedish-wood-leather-office-reception-set-3-pieces-black,Swedish Wood & Leather Office Reception Set 3 Pieces - Black,published,sc_01KQM2EP372XFCX14B8C7TB5A6,variant_01KTHCAVPV732FWBYTZ1Z3SGGZ
prod_01KTHDEVZ642DBA519FMM198FZ,beech-wood-metal-sponge-leather-office-reception-set-3-pieces-black,"Beech Wood, Metal, Sponge & Leather Office Reception Set 3 Pieces - Black",published,sc_01KQM2EP372XFCX14B8C7TB5A6,variant_01KTHDEW2BW7HZVADBQXWZC07Y
prod_01KTHENWQZB7W10NFGBY7SC701,swedish-wood-leather-office-reception-set-3-pieces-beige-brown,Swedish Wood & Leather Office Reception Set 3 Pieces - Beige & Brown,published,sc_01KQM2EP372XFCX14B8C7TB5A6,variant_01KTHENWVK9ZDHBJA93DP5MYVW
prod_01KTHVMDBB6Q6VBQX4W1Y48P0C,swedish-wood-leather-office-reception-set-3-pieces,Swedish Wood & Leather Office Reception Set 3 Pieces,published,sc_01KQM2EP372XFCX14B8C7TB5A6,variant_01KTHVMDDVDXXS0RVE4AZ51MVJ
prod_01KTHWT0P9V7TCNTMY3Y8GKWE9,swedish-wood-leather-office-reception-set-3-pieces-dark-brown,Swedish Wood & Leather Office Reception Set 3 Pieces - Dark Brown,published,sc_01KQM2EP372XFCX14B8C7TB5A6,variant_01KTHWT0SR7A1AQG3S5XN2T2A1
prod_01KTHXZ4RZGXV2SYBWGS65PVMB,office-sofa,Office sofa,published,sc_01KQM2EP372XFCX14B8C7TB5A6,variant_01KTHXZ4W3GVZ2BVXC9W4TCY1G
prod_01KTHY8H5TGY56T6NWDK4F4D7S,white-office-sofa,white office sofa,published,sc_01KQM2EP372XFCX14B8C7TB5A6,variant_01KTHY8H8MQZ1HS319SAZ9B7X4
prod_01KTHYMW0HDCH3AWV5V7B9TWFT,brown-office-sofa,Brown office sofa,published,sc_01KQM2EP372XFCX14B8C7TB5A6,variant_01KTHYMW3P1RAZRVT76WT1GCE2
prod_01KTHZBW9CYYC7073HMB56QFQF,three-piece-metal-sofa,Three-piece metal sofa,published,sc_01KQM2EP372XFCX14B8C7TB5A6,variant_01KTHZBWFAHP191YWDWZBT6VQP
prod_01KTHZXV82JJS7CCRHMAG3TJG7,piece-metal-sofa,piece metal sofa,published,sc_01KQM2EP372XFCX14B8C7TB5A6,variant_01KTHZXVC06NVHM9S9DARHK7ZP
prod_01KTJ07EMARAMNBG86RRWCB03S,piece-metal-sofa-three,piece metal sofa Three,published,sc_01KQM2EP372XFCX14B8C7TB5A6,variant_01KTJ07EQABG3G2GV34PM3T9NY
prod_01KTSKSDYJWQ7C1GQ34ZSAQCSK,manager-office-chair,Manager Office Chair MADE407,published,sc_01KQM2EP372XFCX14B8C7TB5A6,variant_01KTSKSE26EKZ062KMRVJ1JFVF
prod_01KTSM4DMX5N1GMGPYCKZQ7BC4,managers-office-chair-5050-cm,Managers Office Chair 50×50 cm MADE406,published,sc_01KQM2EP372XFCX14B8C7TB5A6,variant_01KTSM4DQHE25V7QCN9SJT3EXX
prod_01KTSMH2CV1KDAX5S04R2QXWZB,manager-office-chairs,Manager Office Chair MADE405,published,sc_01KQM2EP372XFCX14B8C7TB5A6,variant_01KTSMH2F0RZ2D63X4SZZ3C12T
prod_01KTSMWTKP71HV9WN7EE2AWS3R,manager-office-chair-made415,Manager Office Chair MADE404,published,sc_01KQM2EP372XFCX14B8C7TB5A6,variant_01KTSMWTV8R70MJDVXB0Z7WZQD
prod_01KTSN135WVH09RXXMJ31QC2ZZ,manager-office-chair-5050-cm-made499,Manager Office Chair 50×50 cm MADE403,published,sc_01KQM2EP372XFCX14B8C7TB5A6,variant_01KTSN138A5801Z18R5YTPYQ04
prod_01KTSN5CYQZJ1EC6GH6AMC8HQW,manager-office-chair-5050-cm-made429,Manager Office Chair 50×50 cm - MADE402,published,sc_01KQM2EP372XFCX14B8C7TB5A6,variant_01KTSN5D19A2G3DEAQE0E6XFY6
prod_01KTSNC4DV4YBY0ZYTRB92SPJH,manager-office-chair-5050-cm-made488,Manager Office Chair 50×50 cm - MADE401,published,sc_01KQM2EP372XFCX14B8C7TB5A6,variant_01KTSNC4H5618GH5G59D21HB44
prod_01KTSNNQ5DF0MMZRQSY1SCWPSR,manager-office-chair-5050-cm-made426,Manager Office Chair 50×50 cm -  MADE408,published,sc_01KQM2EP372XFCX14B8C7TB5A6,variant_01KTSNNQ8XTPH07R14SPZCQRTM
prod_01KTSNVXXKXWB7KPE7VTB5S8D7,hydraulic-office-chair-54-x-42-cm-stok55,Hydraulic office chair 54 x 42 cm STOK55,published,sc_01KQM2EP372XFCX14B8C7TB5A6,variant_01KTSNVY3MM3J4HKZ0FVJ3ZAS5
prod_01KTSQ7N6NY84XH75B3A9PNH4Q,office-chair-50x50-cm-made410,Office chair 50x50 cm - MADE410,published,sc_01KQM2EP372XFCX14B8C7TB5A6,variant_01KTSQ7N90691X0943398E0KEP
prod_01KTSQFYGVNE2EMKWNW1PHWMWV,office-chair-50x50cm-made4011,Office chair 50x50cm - MADE411,published,sc_01KQM2EP372XFCX14B8C7TB5A6,variant_01KTSQFYKR4GA5Q3X048MA5QBP
prod_01KTSQVFRGFVY31365C2H3VX0S,office-chair-50x50cm-made413,Office chair 50x50cm - MADE413,published,sc_01KQM2EP372XFCX14B8C7TB5A6,variant_01KTSQVFTXXYY4DJRBN15P0T5Z
prod_01KTSR9HM36R0S5MM7M926ABFF,executive-chair-50x50cm-made416,Executive chair 50x50cm - MADE416,published,sc_01KQM2EP372XFCX14B8C7TB5A6,variant_01KTSR9HPYJ17X60FZTZHFGP71
prod_01KTSRHB0XWJ49A351NZ4HW3H0,executive-chair-50x50cm-made417,Executive chair 50x50cm - MADE417,published,sc_01KQM2EP372XFCX14B8C7TB5A6,variant_01KTSRHB3HRFDV2GSJH36Z1RW2
prod_01KTSRTFHBD0SGJAQFEZ9GMFA0,executive-chair-50x50cm-made419,Executive chair 50x50cm - MADE419,published,sc_01KQM2EP372XFCX14B8C7TB5A6,variant_01KTSRTFKEK1FB2B799HFXXHPA
prod_01KV8P1D9S0QJR6Z68772RV5HJ,fgtybrth,FGTYBRTH,published,sc_01KQM2EP372XFCX14B8C7TB5A6,variant_01KV8P1DC2F4TX3FN02Y2415KN